"Name","Article","DOI","LatCentDeg","LonCentDeg","Areakm2","LatExtentk","EleExtentm","Eleminm","Elemaxm","Elemeanm"
"A1_P1","Archaux_2004_Ibis","10.1111/j.1474-919X.2004.00246.x",6.6211,46.10779,463.67,18.82,1845.98,432.75,2278.73,1254.46
"A1_P2","Archaux_2004_Ibis","10.1111/j.1474-919X.2004.00246.x",5.22594,44.14675,254.6,11.16,1714.63,125.83,1840.46,447.66
"A10_P1","LaSorte_Thompson_2007_Ecology","10.1890/06-1072.1",-99.12988,39.52959,7933705.8,2740.96,5044.43,0,5044.43,752.03
"A100_P1","Leonelli_al_2011_Ambio","10.1007/s13280-010-0096-2",7.36103,45.79269,0.82,0.88,606.69,2088.12,2694.82,2408.96
"A100_P2","Leonelli_al_2011_Ambio","10.1007/s13280-010-0096-2",7.36103,45.79269,0.82,0.88,606.69,2088.12,2694.82,2408.96
"A100_P3","Leonelli_al_2011_Ambio","10.1007/s13280-010-0096-2",7.36103,45.79269,0.82,0.88,606.69,2088.12,2694.82,2408.96
"A102_P1","Greenwood_al_2014_GCB","10.1111/gcb.12710",121.29461,24.19349,9.42,5.09,1159.49,2200.89,3360.38,2561.97
"A102_P2","Greenwood_al_2014_GCB","10.1111/gcb.12710",121.29461,24.19349,9.42,5.09,1159.49,2200.89,3360.38,2561.97
"A102_P3","Greenwood_al_2014_GCB","10.1111/gcb.12710",121.29461,24.19349,9.42,5.09,1159.49,2200.89,3360.38,2561.97
"A102_P4","Greenwood_al_2014_GCB","10.1111/gcb.12710",121.26709,24.16222,4.79,2.04,523.93,2695.38,3219.31,2997.47
"A102_P5","Greenwood_al_2014_GCB","10.1111/gcb.12710",121.26709,24.16222,4.79,2.04,523.93,2695.38,3219.31,2997.47
"A102_P6","Greenwood_al_2014_GCB","10.1111/gcb.12710",121.26709,24.16222,4.79,2.04,523.93,2695.38,3219.31,2997.47
"A103_P1","Peron_al_2010_GCB","10.1111/j.1365-2486.2010.02169.x",58.72308,-39.00424,1852732.1,3166,NA,NA,NA,NA
"A104_P1","Moreno-Rueda_al_2012_CB","10.1111/j.1523-1739.2011.01793.x",-3.5551,40.38753,493687,869.22,3408.88,0,3408.88,621.56
"A105_P1","Chen_al_2009_PNAS","10.1073/pnas.0809320106",116.54188,6.03531,15.56,8.77,3138.25,856.76,3995.01,1824.75
"A106_P1","Chen_al_2011_GEB","10.1111/j.1466-8238.2010.00594.x",116.54188,6.03531,15.56,8.77,3138.25,856.76,3995.01,1824.75
"A107_P1","Kreuser_2013_Thesis","n/a",-85.73095,44.87477,250486.84,716.86,1826.07,8.96,1835.04,364.21
"A108_P1","Batford_2010_Thesis","n/a",-85.73095,44.87477,250486.84,716.86,1826.07,8.96,1835.04,364.21
"A109_P1","Hargrove_2010_Thesis","n/a",-116.42847,33.27081,4897.35,149.99,3215.93,0,3215.93,192.97
"A11_P1","Mair_al_2012_GCB","10.1111/j.1365-2486.2012.02730.x",-2.66429,54.14455,231509.29,1088.73,1749,0,1749,151.91
"A11_P2","Mair_al_2012_GCB","10.1111/j.1365-2486.2012.02730.x",-2.66429,54.14455,231509.29,1088.73,1749,0,1749,151.91
"A110_P1","Greenlee_2012_Thesis","n/a",-86.0461,50.45795,994723.88,1566.97,2668.91,0,2668.91,597.24
"A110_P2","Greenlee_2012_Thesis","n/a",-86.0461,50.45795,994723.88,1566.97,2668.91,0,2668.91,597.24
"A111_P1","Lattman_al_2009_NJB","10.1111/j.1756-1051.2009.00425.x",14.6255,58.16045,134808.86,472.27,611.14,0,611.14,151.11
"A112_P1","Stuart-Smith_al_2010_GCB","10.1111/j.1365-2486.2009.01955.x",147.09627,-42.26813,17727.15,351.61,NA,NA,NA,NA
"A113_P1","Virkkala_Lehikoinen_2014_GCB","10.1111/gcb.12573",26.2766,64.50932,333829.57,922.98,1351.34,0,1351.34,184.01
"A113_P2","Virkkala_Lehikoinen_2014_GCB","10.1111/gcb.12573",26.2766,64.50932,333829.57,922.98,1351.34,0,1351.34,184.01
"A113_P3","Virkkala_Lehikoinen_2014_GCB","10.1111/gcb.12573",26.2766,64.50932,333829.57,922.98,1351.34,0,1351.34,184.01
"A113_P4","Virkkala_Lehikoinen_2014_GCB","10.1111/gcb.12573",26.2766,64.50932,333829.57,922.98,1351.34,0,1351.34,184.01
"A113_P5","Virkkala_Lehikoinen_2014_GCB","10.1111/gcb.12573",26.2766,64.50932,333829.57,922.98,1351.34,0,1351.34,184.01
"A114_P1","Eskildsen_al_2013_GEB","10.1111/gcb.12513",26.2766,64.50932,333829.57,922.98,1351.34,0,1351.34,184.01
"A115_P1","Tingley_al_2012_GCB","10.1111/j.1365-2486.2012.02784.x",-121.3238,40.39592,15361.97,112.97,4369.77,44.99,4414.76,1656.8
"A115_P2","Tingley_al_2012_GCB","10.1111/j.1365-2486.2012.02784.x",-119.91205,37.85189,10373.31,84.48,3892.54,3.41,3895.96,3.92
"A115_P3","Tingley_al_2012_GCB","10.1111/j.1365-2486.2012.02784.x",-118.85897,36.15054,27477.89,183.37,4296.22,28.09,4324.31,714.11
"A116_P1","Bebber_al_2013_NCC","10.1038/nclimate1990",133.33216,45.54152,99817491.5,8750.09,21064,0,21064,0
"A117_P1","Pinsky_al_2013_Science","10.1126/science.1239352",-49.52963,52.24448,80601.29,305.79,NA,NA,NA,NA
"A117_P2","Pinsky_al_2013_Science","10.1126/science.1239352",-168.72234,58.1964,336042.96,556.89,NA,NA,NA,NA
"A117_P3","Pinsky_al_2013_Science","10.1126/science.1239352",-147.0001,57.46786,522996.92,725.95,NA,NA,NA,NA
"A117_P4","Pinsky_al_2013_Science","10.1126/science.1239352",-92.76906,28.13127,148113.72,294.5,NA,NA,NA,NA
"A117_P5","Pinsky_al_2013_Science","10.1126/science.1239352",-70.81684,40.18485,163911.81,715.34,NA,NA,NA,NA
"A117_P6","Pinsky_al_2013_Science","10.1126/science.1239352",-124.71487,43.57044,133660.36,1275.77,NA,NA,NA,NA
"A117_P7","Pinsky_al_2013_Science","10.1126/science.1239352",-51.66335,48.98899,234486.71,917.6,NA,NA,NA,NA
"A117_P8","Pinsky_al_2013_Science","10.1126/science.1239352",-62.9366,43.89246,78357.38,219.52,NA,NA,NA,NA
"A117_P9","Pinsky_al_2013_Science","10.1126/science.1239352",-62.8829,47.39289,40842.79,245.39,NA,NA,NA,NA
"A118_P1","Wilson_al_2005_EL","10.1111/j.1461-0248.2005.00824.x",-3.92538,40.84336,5193.51,75.3,1795.05,574.54,2369.6,829.27
"A119_P1","Rowe_al_2010_GCB","10.1111/j.1365-2486.2009.02150.x",-115.40379,40.54964,1606.62,119.21,2039.6,1344.64,3384.24,1904.25
"A12_P1","Crimmins_al_2011_Science","10.1126/science.1199040",-121.46752,38.80819,167721.9,860.66,4414.76,0,4414.76,980.89
"A121_P1","Frei_al_2010_BH","10.1007/s00035-010-0076-y",10.00766,46.61312,756.83,44.58,2693.18,1076.37,3769.55,2041.67
"A122_P1","NationalAudubonSociety_2009","n/a",-100.59804,42.16185,10089821.86,4085.43,5835.83,0,5835.83,671.75
"A123_P1","Botts_2012_Thesis","n/a",26.59129,-28.83267,904664.79,1497.77,3448.17,0,3448.17,1279.69
"A125_P1","Wethey_Woodin_2008_Hydrobiologia","10.1007/s10750-008-9338-8",-3.62065,42.04872,115155.55,1453.76,NA,NA,NA,NA
"A128_P1","Santos_al_2014_Ecography","10.1111/ecog.00931",-119.62849,37.82557,3837.29,76.74,3762.9,133.06,3895.96,197.2
"A129_P1","Mason_al_2015_BJLS","10.1111/bij.12574",-2.67353,54.05248,228277.63,879.94,1749,0,1749,153.28
"A129_P2","Mason_al_2015_BJLS","10.1111/bij.12574",-2.67353,54.05248,228277.63,879.94,1749,0,1749,153.28
"A129_P3","Mason_al_2015_BJLS","10.1111/bij.12574",-2.67353,54.05248,228277.63,879.94,1749,0,1749,153.28
"A129_P4","Mason_al_2015_BJLS","10.1111/bij.12574",-2.67353,54.05248,228277.63,879.94,1749,0,1749,153.28
"A13_P1","Comte_Grenouillet_2013_Ecography","10.1111/j.1600-0587.2013.00282.x",2.45873,46.62622,539441.34,938.2,4686.09,0,4686.09,400.77
"A130_P1","Wu_2016_TAC","10.1007/s00704-015-1553-4",103.90641,36.57178,9336313.16,4008.38,8641.45,0,8641.45,358.44
"A131_P1","Moskwik_2014_JB","10.1111/jbi.12352",-82.93144,35.46877,16643.78,138.15,1916.2,73.4,1989.6,565.88
"A132_P1","Kotwicki_Lauth_2013_DSR2","10.1016/j.dsr2.2013.03.017",-168.40535,58.36499,451631.75,718.4,NA,NA,NA,NA
"A133_P1","Reif_Flousek_2012_Oikos","10.1111/j.1600-0706.2011.20008.x",15.68232,50.7369,4274.74,53.52,1361.6,178.44,1540.04,308.29
"A133_P2","Reif_Flousek_2012_Oikos","10.1111/j.1600-0706.2011.20008.x",15.68232,50.7369,4274.74,53.52,1361.6,178.44,1540.04,308.29
"A134_P1","Hassall_2015_FS","10.1086/682210.",-2.89838,54.1715,245636.94,1088.73,1749,0,1749,149.26
"A135_P1","Tayleur_al_2015_GEB","10.1111/geb.12308",16.74447,62.816,446026.13,1276.02,2014.18,0,2014.18,321.88
"A136_P1","Kerr_al_2015_Science","10.1126/science.aaa7031",-105.04622,53.01377,19576335.7,5071.27,6084.98,0,6084.98,489.54
"A136_P2","Kerr_al_2015_Science","10.1126/science.aaa7031",18.79193,53.97872,6490597.98,3654.62,4686.09,0,4686.09,334.21
"A136_P3","Kerr_al_2015_Science","10.1126/science.aaa7031",-105.04622,53.01377,19576335.7,5071.27,6084.98,0,6084.98,489.54
"A136_P4","Kerr_al_2015_Science","10.1126/science.aaa7031",18.79193,53.97872,6490597.98,3654.62,4686.09,0,4686.09,334.21
"A136_P5","Kerr_al_2015_Science","10.1126/science.aaa7031",-105.04622,53.01377,19576335.7,5071.27,6084.98,0,6084.98,489.54
"A136_P6","Kerr_al_2015_Science","10.1126/science.aaa7031",18.79193,53.97872,6490597.98,3654.62,4686.09,0,4686.09,334.21
"A137_P1","Wu_2016_EM","10.1007/s00267-015-0600-3",103.90641,36.57178,9336313.16,4008.38,8641.45,0,8641.45,358.44
"A138_P1","Pakeman_al_2015_GCB","10.1111/gcb.12999",-85.42947,44.33714,149355.93,628.57,1826.07,8.96,1835.04,249.07
"A139_P1","Myers_al_2009_GCB","10.1111/j.1365-2486.2009.01846.x",-86.43865,45.89822,209095.67,368.99,1826.07,8.96,1835.04,417.94
"A139_P2","Myers_al_2009_GCB","10.1111/j.1365-2486.2009.01846.x",-86.43865,45.89822,209095.67,368.99,1826.07,8.96,1835.04,417.94
"A14_P1","Felde_al_2012_Ecography","10.1111/j.1600-0587.2011.07057.x",9.00528,61.48863,57.49,6.4,889.85,931.54,1821.39,1075.88
"A141_P1","Stafford_al_2013_EI","10.1016/j.ecoinf.2013.03.003",-2.63665,54.0785,227453.59,1068.05,1749,0,1749,152.94
"A142_P1","Flousek_al_2015_PlosOne","10.1371/journal.pone.0139465",15.68232,50.7369,4274.74,53.52,1361.6,178.44,1540.04,308.29
"A143_P1","Lehikoinen_Virkkala_2016_GCB","10.1111/gcb.13150",26.2766,64.50932,333829.57,922.98,1351.34,0,1351.34,184.01
"A144_P1","Valimaki_al_2016_Oecologia","10.1007/s00442-015-3525-x",26.2766,64.50932,333829.57,922.98,1351.34,0,1351.34,184.01
"A145_P1","Wu_Shi_2016_EI","10.1016/j.ecoinf.2015.11.013",103.90641,36.57178,9336313.16,4008.38,8641.45,0,8641.45,358.44
"A146_P1","Hill_al_2016_GCB","10.1111/gcb.13129",163.93918,-20.07018,12860657.5,4301.59,NA,NA,NA,NA
"A147_P1","Wolf_al_2016_GEB","10.1111/geb.12423",-119.60286,37.25033,407861.68,1073.55,4414.76,0,4414.76,984.84
"A149_P1","Sabates_al_2006_GCB","10.1111/j.1365-2486.2006.01246.x",2.20937,41.30015,10023.59,227.14,NA,NA,NA,NA
"A15_P1","Grewe_al_2013_GEB","10.1111/geb.12004",12.99395,52.59399,5003739.18,3654.24,4686.09,0,4686.09,338.54
"A151_P1","Yamano_al_2011_GRL","10.1029/2010GL046474",134.00428,33.43261,22366.66,546.33,NA,NA,NA,NA
"A152_P1","Yemane_al_2014_RFBF","10.1007/s11160-014-9357-7",17.37301,-32.03577,104309.63,857.08,NA,NA,NA,NA
"A152_P2","Yemane_al_2014_RFBF","10.1007/s11160-014-9357-7",13.50873,-23.56533,205230.14,1469.44,NA,NA,NA,NA
"A152_P3","Yemane_al_2014_RFBF","10.1007/s11160-014-9357-7",12.36681,-10.02565,145234.46,1374.47,NA,NA,NA,NA
"A153_P1","Malis_al_2016_GCB","10.1111/gcb.13210",19.67587,48.84615,37513.78,162.35,2410.3,87,2497.3,231
"A154_P1","MacLaren_2016_JAE","10.1016/j.jaridenv.2016.02.001",57.31716,23.20704,40.31,9.77,2286.67,666.64,2953.31,2443.58
"A155_P1","Potvin_al_2016_JAB","10.1111/jav.00941",26.2766,64.50932,333829.57,922.98,1351.34,0,1351.34,184.01
"A155_P2","Potvin_al_2016_JAB","10.1111/jav.00941",14.62636,53.2406,5925511.01,5183.43,4686.09,0,4686.09,380.08
"A156_P1","Kuhn_al_2016_GCB","10.1111/gcb.13243",2.45873,46.62622,539441.34,938.2,4686.09,0,4686.09,400.77
"A157_P1","Sultaire_al_2016_ProcB","10.1098/rspb.2015.3104",-90.01169,44.63802,145364.59,498.42,1826.03,9.01,1835.04,500.64
"A158_P1","Pernollet_al_2015_Ibis","10.1111/ibi.12298",8.29097,46.79246,14075.63,155.19,4218.03,174.4,4392.43,378.87
"A158_P2","Pernollet_al_2015_Ibis","10.1111/ibi.12298",9.67053,46.65012,5526,75.97,3618.83,250.71,3869.54,429.81
"A158_P3","Pernollet_al_2015_Ibis","10.1111/ibi.12298",7.64076,46.13813,3317.91,73.57,4260.13,182.44,4442.57,1348.75
"A158_P4","Pernollet_al_2015_Ibis","10.1111/ibi.12298",8.93566,46.29566,3305.77,82.65,3709.03,160.52,3869.54,2363.92
"A159_P1","Pyke_al_2016_Ecosphere","10.1002/ecs2.1267",-107.00005,38.95834,39.95,17.82,1369.23,2697,4066.22,3995.95
"A159_P2","Pyke_al_2016_Ecosphere","10.1002/ecs2.1267",-107.00005,38.95834,39.95,17.82,1369.23,2697,4066.22,3995.95
"A16_P1","Popy_al_2010_JB","10.1111/j.1365-2699.2009.02197.x",8.0935,45.713,105.4,8.77,1665.3,510.02,2175.32,1620.81
"A160_P1","Kuletz_al_2014_DPR","10.1016/j.dsr2.2014.05.006",-59.63961,57.70781,2573612.89,1622.31,NA,NA,NA,NA
"A161_P1","Renner_al_2012_MEPS","10.1656/058.013.0405",-109.57918,55.75126,2016298.32,1742.08,NA,NA,NA,NA
"A162_P1","Hovick_al_2016_BC","10.1007/s10531-016-1053-6",-100.02659,40.50261,1889961.86,2430.05,4349.25,0,4349.25,1125.8
"A163_P1","Beaugrand_al_2009_GCB","10.1111/j.1365-2486.2009.01848.x",-13.55727,55.13811,5476465.41,2732.36,NA,NA,NA,NA
"A164_P1","Fenberg_Rivadeneira_2011_JB","10.1111/j.1365-2699.2011.02572.x",-117.49646,32.00808,171.38,2173.28,NA,NA,NA,NA
"A165_P1","Jones_al_2012_GEB","10.1111/j.1466-8238.2011.00721.x",-75.18985,38.48496,313.68,835.57,NA,NA,NA,NA
"A166_P1","Landa_al_2014_FO","10.1111/fog.12085",33.85129,74.14495,2868345.8,1757.58,NA,NA,NA,NA
"A167_P1","Wells_Tonkyn_2014_ICD","10.1111/icad.12059",-86.44191,36.86763,1606849.89,1041.21,2041.88,0,2041.88,1565.79
"A168_P1","Wilson_al_2013_PLoSONE","10.1371/journal.pone.0065408",-116.93864,39.87367,1497643.42,2841.33,5293.25,0,5293.25,1308.86
"A169_P1","Ling_al_2009_GCB","10.1111/j.1365-2486.2008.01734.x",147.57316,-42.75122,45.59,299,NA,NA,NA,NA
"A17_P1","Zuckerberg_al_2009_GCB","10.1111/j.1365-2486.2009.01878.x",-75.49951,42.93768,126379.43,490.15,2668.91,0,2668.91,176
"A170_P1","Stueve_al_2011_Ecology","https://www.jstor.org/stable/41151158",-150.06169,63.59501,105.73,9.58,1051.29,644.8,1696.09,836.51
"A171_P1","Vittoz_al_2008_JVS","10.3170/2008-8-18434",9.94309,46.40615,0.13,0.43,187.6,2523.09,2710.69,2523.09
"A172_P1","Rannow_2013_SJFR","10.1080/02827581.2013.793776",7.3996,60.53228,255.41,15.03,1707.02,163.93,1870.95,1213.86
"A173_P1","Merrill_al_2008_JAE","10.1111/j.1365-2656.2007.01303.x",-3.90945,40.78037,2700.66,65.88,1800.32,569.28,2369.6,895.41
"A174_P1","Morelli_al_2012_PRSB","10.1098/rspb.2012.1301",-120.31064,39.23341,87804.25,766.04,4414.76,0,4414.76,1310.83
"A176_P1","Nicastro_al_2013_BMCB","10.1186/1741-7007-11-6",-8.47897,36.94664,201.43,2053.08,NA,NA,NA,NA
"A177_P1","Kullman_2002_JE","10.1046/j.0022-0477.2001.00630.x",13.07687,63.44078,50.73,6.46,992.04,370.69,1362.73,694.79
"A178_P1","Walther_al_2005_JVS","10.1111/j.1654-1103.2005.tb02394.x",9.99106,46.44322,115.62,13.98,2042.09,1826,3868.09,2454.83
"A179_P1","Yang_al_2011_GCB","10.1111/j.1365-2486.2011.02394.x",-119.64518,37.81478,4533.55,77.92,3762.9,133.06,3895.96,164.85
"A18_P1","Poyry_al_2009_GCB","10.1111/j.1365-2486.2008.01789.x",26.22686,64.47058,337584.69,924.01,1351.34,0,1351.34,184.54
"A180_P1","Monahan_Hijmans_2008_BL","10.1098/rsbl.2008.0154",-88.69487,40.46216,6586055.41,2687.44,4349.25,0,4349.25,943.32
"A181_P1","Massimino_al_2015_BS","10.1080/00063657.2015.1089835",-2.63665,54.0785,227453.59,1068.05,1749,0,1749,152.94
"A183_P1","Riley_al_2014_SENA","10.1656/058.013.0405",-82.09652,28.21913,83665.28,960.65,NA,NA,NA,NA
"A184_P1","Penuelas_Boada_2003_GCB","10.1046/j.1365-2486.2003.00566.x",2.38932,41.77379,324.85,18.44,1546.56,84.5,1631.06,607.92
"A185_P1","Pateman_al_2012_Science","10.1126/science.1216980",-2.63665,54.0785,227453.59,1068.05,1749,0,1749,152.94
"A186_P1","VanBogaert_al_2011_JB","10.1111/j.1365-2699.2010.02453.x",18.85382,68.37073,733.69,27.33,1395.2,329.18,1724.38,923.98
"A187_P1","Solow_al_2014_BL","10.1098/rsbl.2013.0808",-2.63665,54.0785,227453.59,1068.05,1749,0,1749,152.94
"A187_P2","Solow_al_2014_BL","10.1098/rsbl.2013.0808",-2.63665,54.0785,227453.59,1068.05,1749,0,1749,152.94
"A188_P1","Serrano_al_2012_PLoSOne","10.1371/journal.pone.0052739",1.99449,41.39727,19.99,212.42,NA,NA,NA,NA
"A19_P1","Groom_2013_PeerJ","10.7717/peerj.77",-1.88288,51.85137,106862.2,361.26,1028.23,0,1028.23,109.56
"A19_P2","Groom_2013_PeerJ","10.7717/peerj.77",-3.19002,55.70902,121647.47,603.13,1749,0,1749,190.13
"A19_P3","Groom_2013_PeerJ","10.7717/peerj.77",-3.77083,52.343,21287.3,210.91,1028.23,0,1028.23,192.44
"A19_P4","Groom_2013_PeerJ","10.7717/peerj.77",-4.16498,56.68488,75614.52,398.56,1749,0,1749,232.32
"A190_P1","Tryjanowski_al_2005_DD","10.1111/j.1366-9516.2005.00140.x",20.01979,49.48525,2660.01,51.52,2161.08,323.22,2484.3,808.84
"A191_P1","Dumais_al_2014_ERL","10.1088/1748-9326/9/9/094001",-66.00349,48.98522,0.5,0.72,260.69,891.74,1152.43,891.74
"A192_P1","Morueta-Holme_al_2015_PNAS","10.1073/pnas.1509938112",-78.82328,-1.46665,99.87,11.35,2310.1,3901.74,6211.84,4079.93
"A193_P1","Shiyatov_al_2007_RJE","10.1134/S1067413607040017",66.13517,67.09186,2260.4,46.26,1240.96,62.63,1303.59,307.33
"A194_P1","Hsieh_al_2009_GCB","10.1111/j.1365-2486.2009.01875.x",-121.11411,32.74546,202618.61,585.97,NA,NA,NA,NA
"A195_P1","DeLuca_2013_Thesis","n/a",-71.47497,44.20842,4329.49,70.88,1805.74,67.2,1872.94,419.77
"A196_P1","Kleisner_al_2016_PLoSONE","10.1371/journal.pone.0149220",-68.07695,43.13126,110965.43,398.7,NA,NA,NA,NA
"A196_P2","Kleisner_al_2016_PLoSONE","10.1371/journal.pone.0149220",-68.07695,43.13126,110965.43,398.7,NA,NA,NA,NA
"A196_P3","Kleisner_al_2016_PLoSONE","10.1371/journal.pone.0149220",-71.98624,39.50121,207609.73,813.65,NA,NA,NA,NA
"A196_P4","Kleisner_al_2016_PLoSONE","10.1371/journal.pone.0149220",-71.98624,39.50121,207609.73,813.65,NA,NA,NA,NA
"A2_P1","Alofs_al_2014_DD","10.1111/ddi.12130",-86.07919,50.44891,986446.73,1567.47,2668.91,0,2668.91,577.33
"A20_P1","Hickling_al_2005_GCB","10.1111/j.1365-2486.2005.00904.x",-2.66429,54.14455,231509.29,1088.73,1749,0,1749,151.91
"A201_P1","Swaby_al_1999_JFB","10.1111/j.1095-8649.1999.tb02061.x",-7.62174,48.41051,443535.11,1787.67,NA,NA,NA,NA
"A202_P1","Cubillos_al_2007_MEPS","10.3354/meps07058",145.45264,-55.08309,4511046.34,2406.33,NA,NA,NA,NA
"A203_P1","Dawson_al_2010_ME","10.1111/j.1365-294X.2010.04588.x",-117.98086,32.55369,163.53,1834.19,NA,NA,NA,NA
"A204_P1","Aguirre-Gutierrez_al_2016_SR","10.1038/srep24451",5.59574,52.25608,36832.07,279.02,368.87,0,368.87,26.53
"A205_P1","Tape_al_2016_PLoSONE","10.1371/journal.pone.0152636",-152.67913,67.20296,733709.06,646.79,2635.5,0,2635.5,0
"A206_P1","Zhang_al_2009_IJRS","10.1080/01431160802509009",127.97682,42.03728,1931.33,77.38,2200.5,478.41,2678.91,776.44
"A207_P1","Crozier_2003_Oecologia","10.1007/s00442-003-1219-2",-121.47206,45.45317,105579.21,495.48,5044.43,0,5044.43,980.83
"A208_P1","Moreno-Fernandez_al_2016_FEM","10.1016/j.foreco.2016.04.024",-3.90934,40.69587,3473.66,107.59,1941.72,427.88,2369.6,857.5
"A209_P1","Ambrosini_al_2011_CR","10.3354/cr01025",15.83697,4.85983,11413252.23,3185.45,4844.27,0,4844.27,557.71
"A209_P2","Ambrosini_al_2011_CR","10.3354/cr01025",24.10977,-20.86588,5161233.02,2918.31,3448.17,0,3448.17,1019.21
"A21_P1","Holzinger_al_2008_PE","10.1007/s11258-007-9314-9",9.91731,46.62205,855.71,48.4,2884.7,884.85,3769.55,1052.03
"A211_P1","Kitahara_al_2001_TLSJ","n/a",134.53693,34.35739,166678.01,577.19,4832.58,0,4832.58,372.03
"A212_P1","Perissinotto_al_2011_AE","10.4001/003.019.0115",25.16234,-29.01517,1251745.67,1494.43,3448.17,0,3448.17,1264.17
"A212_P2","Perissinotto_al_2011_AE","10.4001/003.019.0115",25.16234,-29.01517,1251745.67,1494.43,3448.17,0,3448.17,1264.17
"A213_P1","Tu_al_2015_FO","10.1111/fog.12101",135.73556,37.3716,138621.01,752.76,NA,NA,NA,NA
"A214_P1","Coristine_al_2015_EE","10.1002/ece3.1683",-98.25898,40.82978,9199076.56,2975.94,5044.43,0,5044.43,725.25
"A215_P1","Assandri_Morganti_2014_BS","10.1080/00063657.2014.988600",6.55039,45.86626,376386.9,908.83,4686.09,0,4686.09,1
"A216_P1","Overholtz_Keith_2011_MCF","10.1080/19425120.2011.578485",-69.85289,41.37275,277070.19,845.83,NA,NA,NA,NA
"A217_P1","Moret_al_2016_ICD","10.1111/icad.12173",-78.57939,-0.18051,139.89,15.3,2099.8,2529.59,4629.4,2768.1
"A218_P1","Martinet_al_2016_IJE","10.1080/00379271.2015.1118357",21.36107,62.8038,1559789.95,1500.58,3485.1,0,3485.1,246.37
"A219_P1","Leidenberger_al_2012_JCB","10.1163/193724012X626485",17.58683,58.42664,502680.95,1177.22,NA,NA,NA,NA
"A22_P1","Telwala_al_2013_PLoSONE","10.1371/journal.pone.0057103",88.54716,27.89241,2080.6,48.54,5443.9,2439.18,7883.08,4749.33
"A220_P1","Wehtje_2003_JB","10.1046/j.1365-2699.2003.00970.x",-99.12013,39.53066,7937463.8,2740.96,5044.43,0,5044.43,752.03
"A221_P1","Veech_al_2011_JB","10.1111/j.1365-2699.2010.02397.x",-81.04586,38.4612,1889091.89,2536.89,2668.91,0,2668.91,254.08
"A221_P2","Veech_al_2011_JB","10.1111/j.1365-2699.2010.02397.x",-97.1945,38.7663,3372020.2,2653.74,5044.43,0,5044.43,736.24
"A221_P3","Veech_al_2011_JB","10.1111/j.1365-2699.2010.02397.x",-114.39129,40.97677,2638319.78,1971.92,5044.43,0,5044.43,1200.26
"A224_P1","Juvik_al_2011_Ecology","http://www.jstor.org/stable/41151160",-155.51379,19.56263,8.37,6.02,875.29,2517.94,3393.24,2611.27
"A225_P1","Dolezal_al_2016_SR","10.1038/srep24881",77.35294,33.78027,51099.77,322.83,7286.94,228.82,7515.77,3714.61
"A226_P1","Reid_Goodman_2016_TAFS","10.1080/00028487.2016.1159615",-123.01559,39.94257,64519.15,582.84,4414.76,0,4414.76,1077.02
"A227_P1","Ash_al_2016_GCB","10.1111/gcb.13429",-90.01169,44.63802,145364.59,498.42,1826.03,9.01,1835.04,500.64
"A228_P1","Agnihotri_al_2017_CS","10.18520/cs/v112/i03/595-601",74.7434,34.07945,24409.43,195.56,5476.32,328.64,5804.96,3888.65
"A229_P1","Forsman_al_2016_SR","10.1038/srep36265",16.74447,62.816,446026.13,1276.02,2014.18,0,2014.18,321.88
"A23_P1","Dieker_al_2011_BC","10.1016/j.biocon.2011.07.018",0.87203,42.64275,7126.17,89.23,3137.29,113.89,3251.18,1342
"A230_P1","Molina-Martinez_al_2016_DD","10.1111/ddi.12473",-96.38119,17.66342,569.77,23.64,3037.76,101.64,3139.4,1167.03
"A232_P1","Chivers_al_2017_NC","10.1038/ncomms14434",-7.6399,55.19987,3207925.69,1909.97,NA,NA,NA,NA
"A232_P2","Chivers_al_2017_NC","10.1038/ncomms14434",-7.6399,55.19987,3207925.69,1909.97,NA,NA,NA,NA
"A233_P1","Buntgen_al_2017_Ecosphere","10.1002/ecs2.1761",9.6172,46.67091,7459.48,96.11,3692.79,176.75,3869.54,1504
"A234_P1","Sittaro_al_2017_GCB","10.1111/gcb.13622",-71.00026,49.59843,780681.79,957.37,1543.79,0,1543.79,110.03
"A235_P1","Currie_Venne_2017_GEB","10.1111/geb.12538",-100.59804,42.16185,10089821.86,4085.43,5835.83,0,5835.83,671.75
"A236_P1","Wen_al_2017_BCME","10.1186/s12898-017-0128-x",103.08424,31.01919,3531.44,64.29,5130.23,763.5,5893.73,4118.38
"A237_P1","Biella_al_2017_JIC","10.1007/s10841-017-9983-1",10.59668,46.38149,162875.35,495.15,4686.09,0,4686.09,405.45
"A237_P2","Biella_al_2017_JIC","10.1007/s10841-017-9983-1",10.59668,46.38149,162875.35,495.15,4686.09,0,4686.09,405.45
"A238_P1","Wright_al_2016_CFG","n/a",-120.37239,39.04834,31531.77,279.68,3981.38,4.42,3985.8,617.11
"A239_P1","DeLuca_King_2017_JO","10.1007/s10336-016-1414-7",-71.2829,44.23112,1055.79,37.06,1766.45,106.49,1872.94,256.86
"A24_P1","Tougou_al_2009_EEA","10.1111/j.1570-7458.2008.00818.x",135.90807,34.30813,16280.31,208.64,2886,0,2886,324.97
"A240_P1","Hernandez_al_2017_EJFR","10.1007/s10342-017-1047-2",-0.96816,42.85112,1669.35,33.8,1873.75,471.65,2345.4,1073.49
"A241_P1","Thorson_al_2017_FF","10.1111/faf.12225",-168.18795,57.99096,478094.06,619.16,NA,NA,NA,NA
"A242_P1","Hermes_al_2017_BCI","10.1017/S095927091600054X",-79.77274,-3.63296,1009.07,39.32,3481.98,17.38,3499.36,17.64
"A243_P1","Dainese_al_2017_NCC","10.1038/nclimate3337",10.86565,45.7178,437.01,32.19,2057.39,33.45,2090.85,1425.5
"A244_P1","Campos-Cerqueira_Aide_2017_PeerJ","10.7717/peerj.4059",-65.77658,18.28922,174.73,14.03,975.62,19.08,994.7,101.32
"A245_P1","Campos-Cerqueira_al_2017_EE","10.1002/ece3.3520",-65.77658,18.28922,174.73,14.03,975.62,19.08,994.7,101.32
"A246_P1","Rumpf_al_2018_PNAS","10.1073/pnas.1713936115",11.44513,46.95823,67771.85,206.7,4434.48,8.1,4442.57,339.83
"A247_P1","Virkkala_Lehikoinen_2017_EE","10.1002/ece3.3328",26.22686,64.47058,337584.69,924.01,1351.34,0,1351.34,184.54
"A248_P1","Coals_al_2018_JVS","10.1111/jvs.12618",33.93507,28.53242,406.55,20.5,1988.15,570.34,2558.48,1149.38
"A249_P1","Kirchman_VanKeuren_2017_TWOS","10.1676/16-164.1",-73.87656,44.37856,39.16,6.86,1110.72,286.98,1397.69,657.54
"A25_P1","Ploquin_al_2013_Oecologia","10.1007/s00442-013-2731-7",-5.99317,43.29416,10684.4,85.7,2545.59,0,2545.59,812.74
"A250_P1","Bhatta_al_2018_Ecosphere","10.1002/ecs2.2084",85.48337,28.11397,712.93,25.84,5022.4,1160.94,6183.34,2492.49
"A251_P1","Koide_al_2017_JVS","10.1111/jvs.12549",-155.27445,19.42378,967.85,44.25,3352.54,0,3352.54,2319.14
"A252_P1","Czortek_al_2018_STOTEN","10.1016/j.scitotenv.2017.10.001",19.9371,49.23137,138.13,8.97,1396.77,975.19,2371.96,1092.34
"A253_P1","Neukermans_al_2018_GCB","10.1111/gcb.14075",33.85129,74.14495,2868345.8,1757.58,NA,NA,NA,NA
"A254_P1","Ottosen_al_2018_FR","10.1016/j.fishres.2017.10.022",-7.23675,62.42214,5816.71,50.35,NA,NA,NA,NA
"A254_P2","Ottosen_al_2018_FR","10.1016/j.fishres.2017.10.022",-7.70508,61.7652,6249.69,75.32,NA,NA,NA,NA
"A255_P1","Yang_al_2018_EE","10.1002/ece3.3859",125.30299,47.46702,949101.22,1355.32,2678.91,0,2678.91,631.59
"A256_P1","Zhang_al_2017_EE","10.1002/ece3.2983",122.16447,50.11122,243670.54,752.79,1669.09,47.98,1717.07,642.17
"A256_P2","Zhang_al_2017_EE","10.1002/ece3.2983",127.58821,48.87845,182439.99,754.47,2188.2,0,2188.2,258.94
"A256_P3","Zhang_al_2017_EE","10.1002/ece3.2983",129.46089,44.4975,249724.65,816.7,2678.91,0,2678.91,94.94
"A257_P1","Hale_al_2017_EC","10.1007/s12237-017-0236-z",-76.5233,35.55933,179371.89,1705.49,1989.6,0,1989.6,251.75
"A26_P1","Brusca_al_2013_EE","10.1002/ece3.720",-110.74633,32.43304,1130.1,44.4,2044.71,725.97,2770.69,760.29
"A27_P1","Forero-Medina_al_2011_PLoSONE","10.1371/journal.pone.0028535",-74.50026,-9.99038,120.04,10.39,902.8,525.83,1428.63,680.62
"A28_P1","Fox_al_2011_JIC","10.1007/s10841-010-9309-z",-2.89838,54.1715,245636.94,1088.73,1749,0,1749,149.26
"A29_P1","Franco_al_2006_GCB","10.1111/j.1365-2486.2006.01180.x",-3.49888,56.07006,116648.86,778.88,1749,0,1749,182.57
"A30_P1","Hitch_Leberg_2007_CB","10.1111/j.1523-1739.2006.00609.x",-91.27378,41.02923,6252641.58,3247.14,4349.25,0,4349.25,195.15
"A31_P1","Speed_al_2012_JVS","10.1111/j.1654-1103.2012.01391.x",7.95752,60.69735,12.23,2.43,385.55,952.56,1338.11,1333.31
"A32_P1","Amano_al_2014_PRSB","0.1098/rspb.2013.3017",-2.66429,54.14455,231509.29,1088.73,1749,0,1749,151.91
"A33_P1","Auer_King_2014_GEB","10.1111/geb.12174",-109.22232,41.5421,5291414.33,2939.61,5044.43,0,5044.43,881.79
"A34_P1","Bassler_al_2013_PLoSONE","10.1371/journal.pone.0065842",13.46224,48.91963,59.85,10.33,747.67,622.19,1369.86,1113.49
"A35_P1","Cannone_Pignatti_2014_CC","10.1007/s10584-014-1065-8",10.43652,46.53029,29.78,5.18,1237.5,1932.63,3170.14,2793.61
"A36_P1","VanDerWal_al_2012_NC","10.1038/nclimate1688",134.48664,-25.73872,7685554.25,3871.59,3565.99,0,3565.99,278.77
"A37_P1","Freeman_Freeman_2014_PNAS","10.1073/pnas.1318190111",145.02178,-6.20738,4920.66,73.02,3509.01,515.95,4024.96,1866.58
"A37_P2","Freeman_Freeman_2014_PNAS","10.1073/pnas.1318190111",145.97226,-4.64244,430.78,29.16,1706.03,0,1706.03,365.27
"A38_P1","Jimenez-Alfaro_al_2014_JVS","10.1111/jvs.12198",-3.93104,40.86124,939.67,40.44,1523.25,846.35,2369.6,992.93
"A39_P1","Kwon_al_2014_CC","10.1007/s10584-014-1212-2",127.8011,36.2944,104871.6,490.87,1819.31,0,1819.31,525.71
"A4_P1","Asher_al_2011_JIC","10.1007/s10841-010-9346-7",-4.04421,53.95526,315733.23,1088.73,1749,0,1749,143.26
"A40_P1","Fei_al_2017_ScAdv","10.1126/sciadv.1603055",-84.86443,38.71829,3101496.03,2669.06,2668.91,0,2668.91,1200.68
"A41_P1","Lenoir_al_2008_Science","10.1126/science.1156831",4.38461,44.98502,168724.87,845.01,4686.09,0,4686.09,512.73
"A42_P1","Kelly_Goulden_2008_PNAS","10.1073/pnas.0802891105",-116.74838,33.76702,1319.96,53.73,3093.7,122.23,3215.93,518.61
"A43_P1","Kurihara_al_2011_MB","10.1007/s00227-011-1717-4",137.41246,37.38784,127476.09,2311.41,NA,NA,NA,NA
"A44_P1","Lima_al_2007_GCB","10.1111/j.1365-2486.2007.01451.x",-8.85888,38.52049,16215.92,582.53,NA,NA,NA,NA
"A46_P1","Rivadeneira_Fernandez_2005_JB","https://www.jstor.org/stable/3566403",-72.04103,-30.67263,153937.62,2895.48,NA,NA,NA,NA
"A47_P1","Perry_al_2005_Science","10.1126/science.1111322",3.4103,56.81581,518977.17,862.36,NA,NA,NA,NA
"A48_P1","Mieszkowska_al_2006_Hydrobiologia","10.1007/s10750-005-1120-6",-3.94278,54.7814,56434.43,896.5,1749,0,1749,152.27
"A49_P1","Moritz_al_2008_Science","10.1126/science.1163428",-119.86274,37.68161,6334.97,87.8,4088.99,3.14,4092.13,5
"A5_P1","Bergamini_al_2009_DD","10.1111/j.1472-4642.2009.00595.x",8.22496,46.79806,41170.84,212.86,4525.57,160.52,4686.09,1196.06
"A51_P1","Harris_al_2012_RBZ","n/a",116.5626,6.07545,226.2,17.87,3567.62,427.4,3995.01,472.13
"A52_P1","Poloczanska_al_2011_JEMBE","10.1016/j.jembe.2011.02.018",152.62469,-29.59926,7483.29,1296.32,NA,NA,NA,NA
"A53_P1","Nye_al_2009_MEPS","10.3354/meps08220",-68.61873,42.90333,81040.38,361.5,NA,NA,NA,NA
"A53_P2","Nye_al_2009_MEPS","10.3354/meps08220",-71.6708,39.71171,175594.28,797.83,NA,NA,NA,NA
"A54_P1","Mueter_Litzow_2008_EA","10.1890/07-0564.1",-168.06525,58.23821,559768.17,672.77,NA,NA,NA,NA
"A55_P1","Rowe_et_al_2014_PRSB","10.1098/rspb.2014.1857",-121.43638,40.31412,28173.89,119.35,4380.26,34.5,4414.76,44.26
"A55_P2","Rowe_et_al_2014_PRSB","10.1098/rspb.2014.1857",-119.98513,37.87092,15695.88,93.05,3895.96,0,3895.96,2.96
"A55_P3","Rowe_et_al_2014_PRSB","10.1098/rspb.2014.1857",-118.88128,36.30445,45599.5,277.69,4324.31,0,4324.31,0
"A56_P1","Nicolas_al_2011_REC","10.1007/s10113-010-0196-3",-3.94071,50.16471,3011.49,2187.52,NA,NA,NA,NA
"A56_P2","Nicolas_al_2011_REC","10.1007/s10113-010-0196-3",-3.94071,50.16471,3011.49,2187.52,NA,NA,NA,NA
"A57_P1","Jump_al_2012_Ecography","10.1111/j.1600-0587.2011.06984.x",120.97066,23.75014,35930.34,405.87,3812.85,0,3812.85,769.83
"A58_P1","LeRoux_al_2008_GCB","10.1111/j.1365-2486.2008.01687.x",37.74784,-46.9088,290.75,16.36,1189.06,0,1189.06,358.51
"A59_P1","Virkkala_al_2014_BC","10.1016/j.biocon.2014.01.041",26.2766,64.50932,333829.57,922.98,1351.34,0,1351.34,184.01
"A6_P1","Bodin_al_2013_JVS","10.1111/j.1654-1103.2012.01456.x",5.53874,43.9407,59957.94,439.11,3911.58,0,3911.58,685.33
"A60_P1","Menendez_al_2014_GEB","10.1111/geb.12142",6.57229,44.03908,1041.19,56.94,2430.65,465.62,2896.27,1811.65
"A60_P2","Menendez_al_2014_GEB","10.1111/geb.12142",-3.42842,37.13265,29.27,8.15,1676.61,827.41,2504.02,854.2
"A61_P1","Baur_Baur_2013_CJZ","10.1139/cjz-2013-0036",10.17264,46.65908,170.37,20.9,1708.12,1335.69,3043.81,2240.46
"A62_P1","Larrucea_Brussard_2008_JArE","10.1016/j.jaridenv.2008.04.002",-118.67195,40.13523,133523.6,422.79,4414.76,0,4414.76,1630.04
"A63_P1","Paprocki_al_2014_PLoSOne","10.1371/journal.pone.0086814",-112.63303,42.47642,4018068.9,2627.1,5044.43,0,5044.43,941.54
"A64_P1","Urli_al_2014_JVS","10.1111/jvs.12079",0.92468,42.3043,31959.78,165.03,3251.18,0,3251.18,756.78
"A64_P2","Urli_al_2014_JVS","10.1111/jvs.12079",-1.80033,40.9421,61785.48,313.84,2245.34,0,2245.34,940.43
"A65_P1","Sheldon_2012_FS","10.1899/11-135.1",-83.51276,35.58612,29.3,5.49,1041.61,947.99,1989.6,1265.22
"A66_P1","Hernandez_al_2014_AFS","10.1007/s13595-013-0308-6",-0.96816,42.85112,1669.35,33.8,1873.75,471.65,2345.4,1073.49
"A67_P1","Hersteinsson_Macdonald_1992_Oikos","10.2307/3545168",-74.69933,68.61296,508755.49,1032.52,2131.4,0,2131.4,236.91
"A68_P1","Hsieh_al_2008_CJFAS","10.1139/f08-017",-121.11411,32.74546,202618.61,585.97,NA,NA,NA,NA
"A69_P1","Jepsen_al_2008_JAE","10.1111/j.1365-2656.2007.0",23.67007,68.35419,247983.93,474.82,2014.18,0,2014.18,363.75
"A7_P1","Betzholtz_al_2013_PRSLB","10.1098/rspb.2012.2305",16.74447,62.816,446026.13,1276.02,2014.18,0,2014.18,321.88
"A70_P1","Wernberg_al_2011_CB","10.1016/j.cub.2011.09.028",117.12716,-26.61388,95630.42,2293.03,NA,NA,NA,NA
"A70_P2","Wernberg_al_2011_CB","10.1016/j.cub.2011.09.028",150.68021,-27.92001,60219.27,2628.6,NA,NA,NA,NA
"A71_P1","Maclean_al_2008_GCB","10.1111/j.1365-2486.2008.01666.x",3.3579,50.33734,1321837.28,1908.23,4686.09,0,4686.09,360.06
"A72_P1","Parolo_Rossi_2008_BAE","10.1016/j.baae.2007.01.005",9.91177,46.34965,8.85,3,1333.56,2256.57,3590.13,3063.47
"A74_P1","Pitt_al_2010_MFR","10.1071/MF09225",146.78755,-42.33362,5074.51,333.89,NA,NA,NA,NA
"A75_P1","Raxworthy_al_2008_GCB","10.1111/j.1365-2486.2008.01596.x",48.98352,-14.03793,933.13,33.72,2172.18,653.66,2825.84,812.62
"A76_P1","Beever_al_2011_GCB","10.1111/j.1365-2486.2010.02389.x",-116.22835,39.23461,533071.72,1140.23,4414.76,0,4414.76,1560.55
"A76_P2","Beever_al_2011_GCB","10.1111/j.1365-2486.2010.02389.x",-116.22835,39.23461,533071.72,1140.23,4414.76,0,4414.76,1560.55
"A77_P1","Battisti_al_2005_EA","10.1890/04-1903",2.24935,48.25122,16161.01,138.37,216.61,20.12,236.73,139.31
"A77_P2","Battisti_al_2005_EA","10.1890/04-1903",10.7798,46.62519,59.77,7.6,2025.37,651.92,2677.3,2291.6
"A78_P1","Danby_Hik_2007_Arctic","https://www.jstor.org/stable/40512964",-139.50006,61.47444,886.99,23.58,1672.55,701.23,2373.77,1055.03
"A79_P1","Delava_al_2014_JB","10.1111/jbi.12314",4.99881,45.49968,12998.49,162.46,1882.23,79.19,1961.42,650.2
"A8_P1","Brommer_al_2012_PLoSONE","10.1371/journal.pone.0043648",26.22686,64.47058,337584.69,924.01,1351.34,0,1351.34,184.54
"A8_P2","Brommer_al_2012_PLoSONE","10.1371/journal.pone.0043648",26.22686,64.47058,337584.69,924.01,1351.34,0,1351.34,184.54
"A8_P3","Brommer_al_2012_PLoSONE","10.1371/journal.pone.0043648",26.22686,64.47058,337584.69,924.01,1351.34,0,1351.34,184.54
"A80_P1","Dobbertin_al_2005_IJB","10.1007/s00484-005-0263-5",7.55762,46.20688,5181.8,68.38,4233.46,209.11,4442.57,690.57
"A83_P1","Kawakami_al_2014_AEZ","10.1007/s13355-013-0224-0",134.97752,34.50853,191333.56,1245.34,21064,0,21064,410.2
"A84_P1","Virtanen_al_2010_GEB","10.1111/j.1466-8238.2010.00570.x",24.54481,69.81463,88340.29,229.74,1785.98,0,1785.98,362.31
"A85_P1","Boisvert-Marsh_al_2014_Ecosphere","10.1890/ES14-00111.1",-71.65457,49.59775,810518.94,883.97,1543.79,0,1543.79,145
"A85_P2","Boisvert-Marsh_al_2014_Ecosphere","10.1890/ES14-00111.1",-71.65457,49.59775,810518.94,883.97,1543.79,0,1543.79,145
"A86_P1","Hiddink_al_2015_GCB","10.1111/gcb.12726",2.50286,56.20972,428324.84,942.35,NA,NA,NA,NA
"A88_P1","Bowman_al_2005_CJZ","10.1139/z05-144",-79.90266,45.07994,127002.07,584.78,1064.36,8.96,1073.33,179
"A89_P1","Savage_Vellend_2014_Ecography","10.1111/ecog.01131",-71.15733,45.45911,62.49,10.01,703.46,370.02,1073.49,372.23
"A9_P1","Brommer_2004_AZF","https://www.jstor.org/stable/23735946",26.22686,64.47058,337584.69,924.01,1351.34,0,1351.34,184.54
"A90_P1","Burgarella_al_2014_JB","10.1111/jbi.12224",174.12436,-39.34575,6.12,8.94,1627.18,329.5,1956.69,989.71
"A90_P2","Burgarella_al_2014_JB","10.1111/jbi.12224",174.16184,-39.31391,7.92,2.55,1139.06,407.67,1546.72,1546.72
"A93_P1","Botts_al_2015_AE","10.1111/aec.12215",26.59129,-28.83267,904664.79,1497.77,3448.17,0,3448.17,1279.69
"A94_P1","Chust_al_2013_ICESJMS","10.1093/icesjms/fst147",-31.25454,49.72604,13635439.09,3116.24,NA,NA,NA,NA
"A95_P1","Mathisen_al_2014_AVS","10.1111/avsc.12038",33.54879,67.69513,140,4.24,1028.25,120.22,1148.48,377.09
"A98_P1","Hofgaard_al_2013_JB","10.1111/jbi.12053",24.54481,69.81463,88340.29,229.74,1785.98,0,1785.98,362.31
"A99_P1","Kullman_Oberg_2009_JE","10.1111/j.1365-2745.2009.01488.x",13.83187,62.23894,46633.14,246.94,1661.28,56,1717.28,844.13
"A99_P2","Kullman_Oberg_2009_JE","10.1111/j.1365-2745.2009.01488.x",13.83187,62.23894,46633.14,246.94,1661.28,56,1717.28,844.13
"A99_P3","Kullman_Oberg_2009_JE","10.1111/j.1365-2745.2009.01488.x",13.83187,62.23894,46633.14,246.94,1661.28,56,1717.28,844.13
"B271_P1","Taylor_and_Wilson_NZJE","n/a",165.77433,-76.52989,109945.33,352.63,NA,NA,NA,NA
"B336_P1","Connolly_and_Roughgarden_CFG","n/a",-117.60117,32.09709,151.88,1834.19,NA,NA,NA,NA
"B344_P1","Scott_and_Kirkpatrick_AAAR","10.1657/1523-0430(2005)037[0366:CISHIV]2.0.CO;2",73.66983,-53.12524,1.1,6.8,1606.41,0,1606.41,1490.48
"B471_P1","Platts_et_al_SR","n/a",-2.57034,53.97577,222411.38,880.24,1749,0,1749,157.5
"B475_P1","Lindholm_et_al_FB","10.1111/fwb.12030",9.17346,62.13925,4591.53,94.1,2197.12,187.59,2384.71,830.5
"B476_P1","Wu_CC","10.1007/s10584-015-1543-7",103.9633,36.529,9372107.28,4008.38,8641.45,0,8641.45,358.44
"B477_P1","Sun_et_al_OS","10.2326/osj.17.217",103.9633,36.529,9372107.28,4008.38,8641.45,0,8641.45,358.44
"B486_P1","Freeman_et_al_PNAS","10.1073/pnas.1804224115",-71.38412,-12.56821,0.58,4.53,897.57,474.55,1372.12,847.76
"B488_P1","Enriquez-Urzelai_et_al_CC","10.1007/s10584-019-02422-9",-4.16371,40.27614,587631.35,869.22,3408.88,0,3408.88,613.81
"B489_P1","Birkett_et_al_Ecography","10.1111/e c og.03 458",-2.5296,54.70224,20.27,8.1,738.29,147.55,885.84,260.7
"B500_P1","McClure_et_al_EE","https://drive.google.com/drive/folders/1oZ79r9uM14qoq741An7Vy6KNTNrBZ0Aa",-92.64329,51.64519,3420034.3,1973.88,5835.83,0,5835.83,52.59
"B510_P1","Biondi_et_al_PB",NA,13.67383,42.83574,11123.64,192.6,2777.75,0,2777.75,227.42
"B516_P1","Guida_et_al_JB",NA,-114.71792,35.23741,648.76,23.99,1477.21,158.79,1635.99,1227.29
"B516_P2","Guida_et_al_JB",NA,-114.71792,35.23741,648.76,23.99,1477.21,158.79,1635.99,1227.29
"B526_P1","Cheng_W.,_Kendrick_R.C.,_Guo_F.,_Xing_S.,_Tingley_M.W.,_Bonebrake_T.C._DD","10.1111/ddi.12864",114.10841,22.41318,195.9,13.25,885.5,0,885.5,6.86
"B564_P1","Erauskin-Extramiana_et_al_DSR",NA,79.60241,-27.27272,78162362.82,10659.11,NA,NA,NA,NA
"B564_P2","Erauskin-Extramiana_et_al_DSR",NA,19.70067,38.13065,2988247.85,1944.2,NA,NA,NA,NA
"B564_P3","Erauskin-Extramiana_et_al_DSR",NA,-19.14365,26.95013,77124830.24,7479.77,NA,NA,NA,NA
"B564_P4","Erauskin-Extramiana_et_al_DSR",NA,-40.24758,31.77621,41741692.91,7775.38,NA,NA,NA,NA
"B564_P5","Erauskin-Extramiana_et_al_DSR",NA,-18.83411,-33.73758,42815540.24,6886.05,NA,NA,NA,NA
"B564_P6","Erauskin-Extramiana_et_al_DSR",NA,-59.29272,-30.09612,90147399.87,7295.96,NA,NA,NA,NA
"B584_P1","Macgregor_et_al_NC",NA,-2.64148,54.07886,228030.5,1068.05,1749,0,1749,152.94
"B587_P1","He_et_al_EE",NA,95.28337,31.68306,1848511.7,1577.36,8641.45,0,8641.45,1011.07
"B59_P1","Konvicka_et_al_GEB","10.1046/j.1466-822X.2003.00053.x",15.3368,49.73883,78685.41,257.55,1494.53,45.51,1540.04,218.81
"B597_P1","Currie_et_al_FR",NA,23.04378,-35.30106,164462.62,481.69,NA,NA,NA,NA
"B602_P1","Bell_et_al_ICESJMS",NA,-72.32323,39.47122,195158.45,800.61,1244.49,0,1244.49,174
"B613_P1","Gibson-Reinemer_et_al_DD",NA,-105.23679,40.38828,7633.07,74.52,2862.73,1357.22,4219.95,2499.69
"B619_P1","Becker-Scarpitta_et_al_GCB",NA,-64.35565,48.89045,246.28,25.39,535.03,0,535.03,128.2
"B619_P2","Becker-Scarpitta_et_al_GCB",NA,-71.16582,45.45084,59.9,10.02,705.03,368.45,1073.49,408.12
"B633_P1","Bruge_et_al_FMS",NA,-11.69712,53.75796,3787829.91,2272.3,NA,NA,NA,NA
"B642_P1","Hildrew_et_al_STE",NA,-3.20831,51.84962,205.89,30.26,797.7,8.19,805.9,282.22
"B642_P2","Hildrew_et_al_STE",NA,2.61645,46.76432,2950.19,340.68,1792.83,0,1792.83,80.75
"B646_P1","Nooten_and_Rehan_Book",NA,-71.57953,43.67839,23872.37,283.67,2617.75,0,2617.75,69.4
"B650_P1","Chust_et_al_FO",NA,-16.18007,45.2921,2159828.68,1879.73,NA,NA,NA,NA
"B683_P1","Kobiv,_Y_FG","10.1007/s12224-016-9270-z",23.89499,48.56099,21790.19,222.11,1926.35,53.57,1979.91,307.83
"B689_P1","Barrows_et_al_BC","10.1016/j.biocon.2020.108667",-115.84024,33.91581,3174.66,52.89,1737.04,0,1737.04,1449.07
"B693_P1","Bani_et_al_EE","10.1002/ece3.4838",9.92915,46.086,7629.68,118.43,3836.09,33.45,3869.54,2405.48
"B711_P1","Abella_et_al_EM","10.1002/ecm.1390",-114.7138,35.25128,604.46,22.84,1476.98,159.02,1635.99,1142.36
"B711_P2","Abella_et_al_EM","10.1002/ecm.1390",-114.7138,35.25128,604.46,22.84,1476.98,159.02,1635.99,1142.36
"B725_P1","Wu_et_al_NC","10.1038/s41467-019-12655-y",116.56324,6.05471,3.75,3.43,1492.66,2377.3,3869.96,3865.43
"B747_P1","Carosi_et_al_W","10.3390/w11112349",12.45294,42.9238,10650.59,160.92,2353.42,0,2353.42,544.38
"B751_P1","Boisvert-Marsh_et_al_JE","10.1111/1365-2745.13149",-70.49871,48.99802,1227407.82,843.27,1543.79,0,1543.79,240.94
"B781_P1","Delgado_et_al_MEPS","10.3354/meps12791",-6.68801,36.57476,8328.75,136.66,NA,NA,NA,NA
"B89_P1","Gillings_et_al_GCB","10.1111/gcb.12823",-2.63665,54.0785,227453.59,1068.05,1749,0,1749,152.94
